"id","site","job_url","job_url_direct","title","company","location","date_posted","job_type","salary_source","interval","min_amount","max_amount","currency","is_remote","job_level","job_function","listing_type","emails","description","company_industry","company_url","company_logo","company_url_direct","company_addresses","company_num_employees","company_revenue","company_description","skills","experience_range","company_rating","company_reviews_count","vacancy_count","work_from_home_type"
"li-4258237496","linkedin","https://www.linkedin.com/jobs/view/4258237496","","Front End Development Internship in Jaipur","AND WE SUPPORT INDIA","Jaipur, Rajasthan, India","2025-06-27","","","","","","",False,"","","","","","","https://in.linkedin.com/company/and-we-support","","","","","","","","","","","",""
"li-4227265156","linkedin","https://www.linkedin.com/jobs/view/4227265156","","Store Manager - GAP","Reliance Retail","Jaipur, Rajasthan, India","2025-06-27","","","","","","",False,"","","","","","","https://in.linkedin.com/company/reliance-retail","","","","","","","","","","","",""
"li-4256383068","linkedin","https://www.linkedin.com/jobs/view/4256383068","","Sales Manager","Meril","Jaipur, Rajasthan, India","2025-06-26","","","","","","",False,"","","","","","","https://in.linkedin.com/company/meril","","","","","","","","","","","",""
"li-4258215433","linkedin","https://www.linkedin.com/jobs/view/4258215433","","Payments Processing Analyst, NCT","Deutsche Bank","Jaipur, Rajasthan, India","2025-06-26","","","","","","",False,"","","","","","","https://de.linkedin.com/company/deutsche-bank","","","","","","","","","","","",""
"li-4255416822","linkedin","https://www.linkedin.com/jobs/view/4255416822","","Operations Manager","Amazon","Jaipur, Rajasthan, India","2025-06-26","","","","","","",False,"","","","","","","https://www.linkedin.com/company/amazon","","","","","","","","","","","",""
"li-4256504735","linkedin","https://www.linkedin.com/jobs/view/4256504735","","Python Fullstack Engineer - Remote Work","BairesDev","Jaipur, Rajasthan, India","2025-06-26","","","","","","",True,"","","","","","","https://www.linkedin.com/company/bairesdev","","","","","","","","","","","",""
"li-4258060707","linkedin","https://www.linkedin.com/jobs/view/4258060707","","Junior JavaScript Developer - Remote work | REF#283764","BairesDev","Jaipur, Rajasthan, India","2025-06-26","","","","","","",True,"","","","","","","https://www.linkedin.com/company/bairesdev","","","","","","","","","","","",""
"li-4245159708","linkedin","https://www.linkedin.com/jobs/view/4245159708","","Reference Data Analyst","Deutsche Bank","Jaipur, Rajasthan, India","2025-06-25","","","","","","",False,"","","","","","","https://de.linkedin.com/company/deutsche-bank","","","","","","","","","","","",""
"li-4256322946","linkedin","https://www.linkedin.com/jobs/view/4256322946","","Semi Senior Python Developer - Remote Work","BairesDev","Jaipur, Rajasthan, India","2025-06-25","","","","","","",True,"","","","","","","https://www.linkedin.com/company/bairesdev","","","","","","","","","","","",""
"li-4258500873","linkedin","https://www.linkedin.com/jobs/view/4258500873","","Operations Lead, AVP","Deutsche Bank","Jaipur, Rajasthan, India","","","","","","","",False,"","","","","","","https://de.linkedin.com/company/deutsche-bank","","","","","","","","","","","",""
"nk-280625503001","naukri","https://www.naukri.com/job-listings-principal-software-engineer-full-stack-aurigait-jaipur-6-to-8-years-280625503001","","Principal Software Engineer - Full Stack","Auriga It","Jaipur, India","2025-06-28","","","","","","",False,"","","","","","","https://www.naukri.com/auriga-it-jobs-careers-841035","https://img.naukimg.com/logo_images/groups/v1/407060.gif","","","","","","Postgresql, MySQL, CMS, Agile, System design, Scrum, JIRA, Information technology","6-8 Yrs",4.5,100.0,"","Work from office"
"nk-270625925783","naukri","https://www.naukri.com/job-listings-software-development-engineer-accenture-solutions-pvt-ltd-jaipur-3-to-8-years-270625925783","","Software Development Engineer","Accenture","Jaipur, India","2025-06-27","","","","","","",False,"","","","","","","https://www.naukri.com/accenture-jobs-careers-7682","https://img.naukimg.com/logo_images/groups/v1/10476.gif","","","","","","sap, sql, sap abap development, sap hana, sap abap, bdc, css, software development","3-8 Yrs",3.8,63342.0,"","Work from office"
"nk-250625920652","naukri","https://www.naukri.com/job-listings-full-stack-software-engineer-react-native-development-emperen-technologies-jaipur-4-to-6-years-250625920652","","Full Stack Software Engineer - React Native Development","Emperen Technologies","Jaipur, India","2025-06-25","","","","","","",False,"","","","","","","https://www.naukri.com/emperen-technologies-jobs-careers-124563546","https://img.naukimg.com/logo_images/groups/v1/10454862.gif","","","","","","React Native, TypeScript, Java, Azure, JavaScript, SWIFT, iOS, AWS","4-6 Yrs","","","","Work from office"
"nk-250625911420","naukri","https://www.naukri.com/job-listings-software-engineer-react-native-development-emperen-technologies-jaipur-4-to-8-years-250625911420","","Software Engineer - React Native Development","Emperen Technologies","Remote, India","2025-06-25","","","","","","",True,"","","","","","","https://www.naukri.com/emperen-technologies-jobs-careers-124563546","https://img.naukimg.com/logo_images/groups/v1/10454862.gif","","","","","","React Native Development, Mobile UI, Mobile SDLC, OOPS, Mobile App Architecture, Mobile App Performance Optimization, React Native, Mobile App Designing","4-8 Yrs","","","","Remote"
"nk-060625909900","naukri","https://www.naukri.com/job-listings-full-stack-software-engineer-react-native-development-emperen-technologies-jaipur-4-to-6-years-060625909900","","Full Stack Software Engineer - React Native Development","Emperen Technologies","Jaipur, India","2025-06-06","","","","","","",False,"","","","","","","https://www.naukri.com/emperen-technologies-jobs-careers-124563546","https://img.naukimg.com/logo_images/groups/v1/10454862.gif","","","","","","Full Stack Software Engineering, Java, Azure, SWIFT, iOS, Android, Kotlin, TypeScript","4-6 Yrs","","","","Work from office"
"nk-290525931450","naukri","https://www.naukri.com/job-listings-software-development-engineer-accenture-solutions-pvt-ltd-jaipur-3-to-8-years-290525931450","","Software Development Engineer","Accenture","Jaipur, India","2025-05-29","","","","","","",False,"","","","","","","https://www.naukri.com/accenture-jobs-careers-7682","https://img.naukimg.com/logo_images/groups/v1/10476.gif","","","","","","sap s hana, sap abap development, hana database, sap fiori, sap hana, software development, oracle, sap implementation","3-8 Yrs",3.8,63342.0,"","Work from office"
"nk-270525920231","naukri","https://www.naukri.com/job-listings-full-stack-software-engineer-react-native-development-emperen-technologies-jaipur-4-to-6-years-270525920231","","Full Stack Software Engineer - React Native Development","Emperen Technologies","Jaipur, India","","","","","","","",False,"","","","","","","https://www.naukri.com/emperen-technologies-jobs-careers-124563546","https://img.naukimg.com/logo_images/groups/v1/10454862.gif","","","","","","React Native Development, TypeScript, Java, Javascript, Full Stack, Mobile App Architecture, SWIFT, React Native","4-6 Yrs","","","","Work from office"
"nk-190225500755","naukri","https://www.naukri.com/job-listings-dotnet-software-engineer-labology-jaipur-4-to-9-years-190225500755","","Dotnet Software Engineer","Labology","Jaipur, India","","","","","","","",False,"","","","","","","https://www.naukri.com/labology-jobs-careers-124636502","https://img.naukimg.com/logo_images/groups/v1/11583846.gif","","","","","","server, css, ado.net, bootstrap, ajax, jquery, sql, coding","4-9 Yrs",4.9,3.0,"","Work from office"
"nk-120325502969","naukri","https://www.naukri.com/job-listings-java-software-engineer-aurigait-jaipur-2-to-4-years-120325502969","","Java - Software Engineer","Auriga It","Jaipur, India","","","","","","","",False,"","","","","","","https://www.naukri.com/auriga-it-jobs-careers-841035","https://img.naukimg.com/logo_images/groups/v1/407060.gif","","","","","","Unix, Maven, Linux, Testing tools, Coding, Agile, Scrum, MVC","2-4 Yrs",4.5,100.0,"","Work from office"
"nk-100325501143","naukri","https://www.naukri.com/job-listings-java-senior-software-engineer-aurigait-jaipur-4-to-6-years-100325501143","","Java - Senior Software Engineer","Auriga It","Jaipur, India","","","","","","","",False,"","","","","","","https://www.naukri.com/auriga-it-jobs-careers-841035","https://img.naukimg.com/logo_images/groups/v1/407060.gif","","","","","","Unix, Maven, Front end, Linux, Coding, Integration testing, Agile, MVC","4-6 Yrs",4.5,100.0,"","Work from office"
